event_type,time_unit,date_1,date_2,year,month,day,duration,drug_type,quantity,weight_unit,modus_operandi,sub_modus_operandi,region,country,department/state,municipality/port,origin_country,origin_area,origin_municipality,transit_1_region,transit_1_country,transit_1_department/state,transit_1_municipality/port,transit_2_region,transit_2_country,transit_2_department/state,transit_2_municipality/port,destination_1_region,destination_1_country,destination_1_department/state,destination_1_municipality/port,destination_2_country,destination_2_municipality/port,description,criminal_group_1,criminal_group_2,criminal_group_3,source_link,archived_link,project_interested,uid,seizure_kg,conversion_factor
Seizure,Individual,2025-05-22,,2025,5,22,,Cocaine,1.7,Kilogram,Land,post office,Asia,Indonesia,Bali,Badung Regency,,,,,,,,,,,,,,,,,,"Australian man was. arrested after allegedly being in possession of 1.7kg of drugs in Bali, Indonesia",,,,https://www.theguardian.com/world/2025/may/26/australian-accused-smuggling-cocaine-bali-death-penalty-life-jail-ntwnfb,Archived Link - Indonesia,,2cd1cee0-6b8e-4bdf-807a-4ccd17d87aa5,1.7,1.0
Seizure,Individual,2025-05-22,,2025,5,22,,Cocaine,1.7,Kilogram,Land,Got to indonesia by post,Asia,Indonesia,Bali,Kuta Beach,,,,Europe,United Kingdom,,,,,,,,,,,,,"un australiano de 43 años fue arrestado en Bali tras recibir un envío postal con 1,7 kg de cocaína distribuida en 206 bolsas plásticas. La droga fue enviada desde el Reino Unido ",,,,https://www.euronews.com/2025/05/29/police-in-indonesia-arrest-australian-man-for-allegedly-smuggling-cocaine-into-bali,Archived Link - Indonesia,,acc92488-7ef9-4716-b470-3ec9cab70b75,1.7,1.0
Seizure,Individual,2025-08-13,,2025,8,13,,All/Unspecified/Multiple,2.5,Kilogram,Land,Concealed in suitcase of bus passenger,South America,Chile,Bío Bío,Cabrero,Colombia,,,,,,,,,,,,,,,,,Carabineros OS7 seized 2.5 kg of cocaine HCl and base paste hidden in bus luggage at Cabrero,,,,https://www.biobiochile.cl/noticias/nacional/region-del-bio-bio/2025/08/14/detienen-a-extranjero-que-transportaba-en-bus-2-kilos-y-medio-de-cocaina-y-pasta-base-en-cabrero.shtml,Archived Link - Chile,,f10f6017-0d56-42c1-81bd-224e6e6b05e6,2.5,1.0
Seizure,Individual,2025-08-14,,2025,8,14,,Other (explain in Description),2.5,Kilogram,Land,"Hidden in suitcase, detected via sniffer dog",South America,Chile,Bío Bío Region,Cabrero,,,,South America,Chile,Bío Bío Region,Cabrero,,,,,,,,,,,"A Colombian national, in irregular status, was arrested at a roadside control on Route 5 Sur in Cabrero, Bío Bío Region, carrying 2.5 kg of cocaine (hydrochloride and base paste) in his luggage, detected by OS‑7 sniffer dogs.",,,,https://www.biobiochile.cl/noticias/nacional/region-del-bio-bio/2025/08/14/detienen-a-extranjero-que-transportaba-en-bus-2-kilos-y-medio-de-cocaina-y-pasta-base-en-cabrero.shtml,Archived Link - Chile,,ee1d1c7f-6e3d-47b1-836c-2942d00531ab,2.5,1.0
Seizure,Individual,2025-09-29,,2025,9,29,,Cocaine,9.0,Other (explain in Description),Air,Hammocks impregnated with cocaine,Caribbean,Dominican Republic,Santo Domingo,Santo Domingo Este (AILA),Dominican Republic,Santo Domingo Este,,,,,,Europe,Spain,,,,,,Europe,Netherlands,,Authorities intercepted 9 hammocks impregnated with cocaine at AILA; destined for Spain and Netherlands.,,,,https://elnuevodiario.com.do/video-dncd-frustra-envio-de-hamacas-de-tela-impregnadas-con-presunta-cocaina/ ,Archived Link - Dominican Republic,,9df5228b-b362-4cc6-b939-70f2c9fddf3a,9.0,1.0
Seizure,Individual,2025-09-29,,2025,9,29,,Cocaine,9.0,Other (explain in Description),Air,Hammocks impregnated with cocaine,Caribbean,Dominican Republic,Santo Domingo,Santo Domingo Este (AILA),,,,,,,,Europe,Spain,,,,,,Europe,Netherlands,,Authorities intercepted 9 hammocks impregnated with cocaine at AILA; destined for Spain and Netherlands.,,,,https://elnuevodiario.com.do/video-dncd-frustra-envio-de-hamacas-de-tela-impregnadas-con-presunta-cocaina/ ,Archived Link - Dominican Republic,,dc9c55bb-d38b-4098-a055-cc670a1215b9,9.0,1.0
Seizure,Individual,2025-07-20,,2025,7,20,,Cocaine,25.0,Kilogram,Container,inside refrigeration,Africa,Morocco,Tanger‑Tétouan-Al Hoceima,Tanger Med Port,,,,South America,,,,Europe,Netherlands,,,,,,,,,Single seizure of 25 kg raw cocaine hidden in 23 bricks in a refrigerated container from South America to Netherlands; investigation opened by Tanger judicial police under DGSN; no info on origin groups,,,,"https://www.barlamane.com/fr/une-cargaison-de-25-kilogrammes-de-cocaine-brute-saisie-au-port-de-tanger-med/ (afropages.fr, barlamane.com)",Archived Link - Morocco,,647e16a5-3bef-4d62-9c3b-dd7ab563f7ea,25.0,1.0
Seizure,Individual,2025-07-21,,2025,7,21,,Cocaine,25.0,Kilogram,Container,Hidden in cooling unit,Africa,Morocco,Tangier,Tangier Med,,,,,,,,,,,,Europe,Netherlands,,,,,25 kg of cocaine hidden in cooling system of container seized at Tangier Med port en route to NL.,,,,https://www.crimesite.nl/cocaine-op-weg-naar-nederland-gepakt-in-marokko/,Archived Link - Morocco,,75ddc10e-74c6-43c3-a41b-5b7aa74aeed4,25.0,1.0
Seizure,Individual,2025-09-17,,2025,9,17,,Cocaine Base,30.0,Package,Land,Hidden in bus luggage (3 suitcases),South America,Bolivia,Oruro/Potosí route,,,,,,,,,,,,,,,,,,,FELCN seized 30 packages of cocaine base hidden in suitcases on a bus traveling Oruro–Potosí.,,,,https://www.opinion.com.bo/articulo/policial/encuentran-30-paquetes-droga-bus-que-transitaba-carretera-oruro-potosi/20250918204957980220.html,Archived Link - Bolivia,,23785dae-ff5c-4d77-ac09-0b79ddb852fc,30.0,1.0
Seizure,Individual,2025-09-18,,2025,9,18,,Cocaine Base,30.0,Package,Land,Bus interdepartamental en carretera Oruro‑Potosí,South America,Bolivia,,,,,,,,,,,,,,,,,,,,Hallan 30 paquetes de pasta base de cocaína en maletas dentro de un bus de transporte interdepartamental en la carretera entre Oruro y Potosí.,,,,https://www.opinion.com.bo/articulo/policial/encuentran-30-paquetes-droga-bus-que-transitaba-carretera-oruro-potosi/20250918204957980220.html,Archived Link - Bolivia,,ff08c084-1e4e-494a-be33-7988147f1a65,30.0,1.0
Seizure,Individual,2025-09-29,,2025,9,29,,Cocaine,70.0,Kilogram,Land,Cocaine hidden in bags; Praia da Redinha beach,South America,Brazil,Rio Grande do Norte,Natal (Praia da Redinha),,,,,,,,,,,,,,,,,,"70 kg of cocaine seized on beach in Natal, Brazil.",,,,https://g1.globo.com/rn/rio-grande-do-norte/noticia/2025/09/29/cocaina-apreendida-na-redinha.ghtml,Archived Link - Brazil,,59f73833-5128-43ac-b54c-100b4e5ab144,70.0,1.0
Seizure,Individual,2025-09-29,,2025,9,29,,Cocaine,70.0,Kilogram,Land,Cocaine hidden in bags; Praia da Redinha beach,South America,Brazil,Rio Grande do Norte,Natal (Praia da Redinha),,,,,,,,,,,,,,,,,,"70 kg of cocaine seized on beach in Natal, Brazil.",,,,https://g1.globo.com/rn/rio-grande-do-norte/noticia/2025/09/29/cocaina-apreendida-na-redinha.ghtml,Archived Link - Brazil,,bbcb66c3-0d9e-4be1-ba64-1424959ef24b,70.0,1.0
Seizure,Individual,2025-10-01,,2025,10,1,,Cocaine,99.0,Kilogram,Land,Hidden in furgón with modified compartments,South America,Colombia,Huila,La Plata,,Cauca,,,,,,,,,,,,,,,,Army intercepted 99 kg of cocaine in a furgón with hidden compartments in Huila.,,,,https://www.wradio.com.co/2025/10/01/ejercito-incauta-99-kilos-de-clorhidrato-de-cocaina-en-carreteras-del-huila/ ,Archived Link - Colombia,,066ab5d2-869d-4652-8c4a-47b544540d12,99.0,1.0
Seizure,Individual,2025-10-01,,2025,10,1,,Cocaine,99.0,Kilogram,Land,Hidden in furgón with special compartments,South America,Colombia,Huila,La Plata,,Cauca,,,,,,,,,,,,,,,,"Nearly 99 kg of cocaine seized on Huila roads, hidden in a van from Cauca.",,,,https://www.bluradio.com/nacion/incautan-casi-100-kilos-de-cocaina-en-carreteras-del-huila-iban-escondidos-en-un-furgon-rg10 ,Archived Link - Colombia,,3ca54716-067f-48bc-868a-ffe2c758d47c,99.0,1.0
Seizure,Individual,2025-08-13,,2025,8,13,,Cocaine,109.0,Kilogram,Land,Hidden within boxes inside fabric softener shipment,North America,United States,New York,"Peace Bridge Port of Entry, Buffalo",,,,North America,United States,New York,"Peace Bridge Port of Entry, Buffalo",,,,,,,,,,,"Canadian‑resident Vishavpal Singh stopped at Peace Bridge, found with 109 kg cocaine hidden among fabric softener",,,,https://www.justice.gov/usao-wdny/pr/canadian-resident-arrested-border-109-kilograms-cocaine,Archived Link - United States,,6ead1d19-9652-4e3e-a652-2fb7aec6c1cb,109.0,1.0
Seizure,Individual,2025-08-14,,2025,8,14,,Cocaine,109.0,Kilogram,Land,Hidden in boxes among large shipment of fabric softener in tractor trailer,North America,United States,New York ,Buffalo (Peace Bridge),,,,North America,Canada,,,,,,,,United States,,,,,"Canadian resident of Indian nationality arrested transporting 109 kg cocaine in commercial tractor at the Peace Bridge Port of Entry, Buffalo. Cocaine hidden in boxes co-mingled with shipment of fabric softener. ",,,,https://www.justice.gov/usao-wdny/pr/canadian-resident-arrested-border-109-kilograms-cocaine,Archived Link - United States,,a0b14a9b-d22c-4acc-8843-5fa8c509fdf2,109.0,1.0
Seizure,Individual,2025-09-30,,2025,9,30,,Cocaine,120.0,Kilogram,Maritime,"Lancha intercepted, crew killed",Caribbean,Dominican Republic,Unclear,,,,,,,,,,,,,,,,,,,Authorities destroyed lancha carrying cocaine in Dominican waters; crew died.,,,,https://elnuevodiario.com.do/la-destruccion-de-una-lancha-del-narcotrafico-con-la-muerte-de-sus-ocupantes-fue-un-asesinato-que-debe-ser-investigado/,Archived Link - Dominican Republic,,adf0be12-784c-417f-86fe-0f382d9e2bcf,120.0,1.0
Seizure,Individual,2025-09-30,,2025,9,30,,Cocaine,120.0,Kilogram,Maritime,"Lancha intercepted, crew killed",Caribbean,Dominican Republic,Unclear,,,,,,,,,,,,,,,,,,,Authorities destroyed lancha carrying cocaine in Dominican waters; crew died.,,,,https://elnuevodiario.com.do/la-destruccion-de-una-lancha-del-narcotrafico-con-la-muerte-de-sus-ocupantes-fue-un-asesinato-que-debe-ser-investigado/,Archived Link - Dominican Republic,,d9bab782-1986-4e78-8d4c-3ffbcea6e683,120.0,1.0
Seizure,Individual,2025-08-30,,2025,8,30,,Cocaine,120.0,Package,Container,"Found inside banana shipment container at Caucedo port, Dominican Republic",Caribbean,Dominican Republic,Santo Domingo Province,Boca Chica (Puerto Caucedo),,,,Caribbean,Dominican Republic,Santo Domingo,Boca Chica,,,,,Europe,United Kingdom,,London,,,"Otro cargamento de 120 paquetes de cocaína  fue decomisado ayer por las autoridades en el Puerto Multimodal Caucedo, del municipio de Boca Chica, provincia Santo Domingo. Las unidades operativas de la Dirección Nacional de Control de Drogas (DNCD), inspectores de la Dirección General de Aduanas (DGA) y la Seguridad Militar y el Ministerio Público, montaron un operativo de verificación, en decenas de contenedores, cuando a través de una de las máquinas de rayos X, se observaron imágenes sospechosas en el interior de uno de ellos, procediendo de inmediato a realizar el protocolo de actuación. Según el manifiesto, la carga de bananos, contaminada con la presunta droga, sería enviada desde el puerto de Caucedo a Londres, Inglaterra.",,,,https://elnacional.com.do/ocupan-alijo-de-120-paquetes-de-cocaina/,Archived Link - Dominican Republic,,20e2e949-e5cc-445b-92ce-7f61b06efaef,120.0,1.0
Seizure,Individual,2025-08-30,,2025,8,30,,Cocaine,120.0,Package,Maritime,"Seized at sea, Dominican Navy interception.",Caribbean,Dominican Republic,,,,,,,,,,,,,,,,,,,,Dominican Navy seized 120 packages of cocaine in Caribbean waters.,,,,https://elnacional.com.do/ocupan-alijo-de-120-paquetes-de-cocaina/,Archived Link - Dominican Republic,,7be20b4e-f3c6-4481-9479-3925f0b985c9,120.0,1.0
Seizure,Individual,2025-07-23,,2025,7,23,,Cocaine,197.0,Kilogram,Land,Truck crossing border,North America,Canada,Ontario,Point Edward,,,,North America,United States,,,,,,,,,,,,,197 Kilogram of cocaine seized from truck at Blue Water Bridge crossing.,,,,https://www.canada.ca/en/border-services-agency/news/2025/08/cbsa-seizes-197-kg-of-cocaine-at-the-blue-water-bridge.html,Archived Link - Canada,,581ccbf4-bd46-4eed-b2f2-3b7ab267a973,197.0,1.0
Seizure,Individual,2025-07-23,,2025,7,23,,Cocaine,197.0,Kilogram,Land,Concealed in commercial truck shipment,North America,Canada,Ontario,Point Edward,,,,North America,United States,,,,,,,,Canada,,,,,"Canada Border Services Agency intercepted 197 kg of suspected cocaine hidden in 7 bags inside a commercial truck trailer at Blue Water Bridge, Point Edward, Ontario. Driver Onkar Kalsi, 29, from Caledon, Ontario, arrested; case handed to RCMP.",,,,https://courrierlaval.com/en/197-kg-de-cocaine-interceptes-a-la-frontiere/,Archived Link - Canada,,09ff6c98-d28e-4938-9887-4d09605e86b6,197.0,1.0
Seizure,Individual,2025-09-30,,2025,9,30,,Cocaine,240.0,Kilogram,Maritime,Interception of motonave off Punta Ardita,South America,Colombia,Chocó,Offshore Punta Ardita,,,,,,,,,,,,,,,,,,"240 kg of cocaine seized from vessel near Punta Ardita, Chocó; AGC blamed.",AGC,,,https://www.bluradio.com/regiones/pacifico/golpe-al-clan-del-golfo-en-choco-incautan-casi-una-tonelada-de-droga-avaluada-en-us-15-millones-rg10,Archived Link - Colombia,,7c8c1c89-3ae2-4ab8-b821-6912971c0481,240.0,1.0
Seizure,Individual,2025-09-30,,2025,9,30,,Cocaine,240.0,Kilogram,Maritime,Interception of motonave off Punta Ardita,South America,Colombia,Chocó,Offshore Punta Ardita,,,,,,,,,,,,,,,,,,"240 kg of cocaine seized from vessel near Punta Ardita, Chocó; AGC blamed.",AGC,,,https://www.bluradio.com/regiones/pacifico/golpe-al-clan-del-golfo-en-choco-incautan-casi-una-tonelada-de-droga-avaluada-en-us-15-millones-rg10,Archived Link - Colombia,,220d60c3-050a-4106-af08-bc9444a977c2,240.0,1.0
Seizure,Individual,2025-10-03,,2025,10,3,,Cocaine,280.0,Kilogram,Land,Operational raids in Greater Buenos Aires,Europe,Argentina,Buenos Aires,GBA & City,,,,,,,,,,,,,,,,,,Police secured 280 kg of cocaine through raids in GBA and the City of Buenos Aires.,,,,https://www.perfil.com/noticias/amp/policia/secuestran-280-kilos-de-cocaina-en-operativos-en-el-gba-y-la-ciudad.phtml,,,496083cf-3961-4e7c-bd50-b46beb04b56a,280.0,1.0
Seizure,Individual,2025-10-03,,2025,10,3,,Cocaine,280.0,Kilogram,Land,Police operations in Greater Buenos Aires,South America,Argentina,Buenos Aires,AMBA,,,,,,,,,,,,,,,,,,El DFI de la PFA incautó más de 280 kilos de cocaína en el AMBA.,,,,https://www.argentina.gob.ar/noticias/el-dfi-de-la-pfa-incauto-mas-de-280-kilos-de-cocaina-en-el-amba ,,,435576ed-552e-45be-88a9-0222c1c3c4a1,280.0,1.0
Seizure,Individual,2025-10-04,,2025,10,4,,Cocaine,280.0,Kilogram,Land,"Seizure across multiple raids in AMBA (Moreno, Ituzaingó, etc.)",South America,Argentina,Buenos Aires,AMBA,,,,,,,,,,,,,,,,,,"Lot in captivity with the “KTM” logo; 8 stolen. 5 detained; weapons, cell phones, and cars confiscated",,,,https://www.infobae.com/sociedad/policiales/2025/10/04/la-jugada-del-veterano-narco-peruano-vinculado-al-hallazgo-de-280-kilos-de-cocaina/ ,,,0b31c68b-9496-4a0b-89e1-b9bc1f3b4d44,280.0,1.0
Seizure,Individual,2025-05-17,,2025,5,17,,Cocaine,322.0,Kilogram,Maritime,,South America,Ecuador,Esmeraldas,,,,,,,,,,,,,,,,,,,"On May 17, 2025, Ecuadorian police raided a house in the San Martín de Porres neighborhood of Esmeraldas, seizing 322 kg of cocaine and sophisticated diving equipment—buoyancy gear, oxygen tanks, fins—purportedly used to attach the drugs to ship hulls at the port.",,,,https://www.ecuavisa.com/noticias/seguridad/cocaina-cascos-buques-esmeraldas-buzos-AB9355222,Archived Link - Ecuador,,7f37fc01-1d33-4c60-8223-b8ef3ef83e42,322.0,1.0
Seizure,Individual,2025-05-18,,2025,5,18,,Cocaine,322.0,Kilogram,Land,,South America,Ecuador,Esmeraldas,San Martin de Porres,,,,South America,Ecuador,Esmeraldas,San Martin de Porres,,,,,,,,,,,"En la provincia de Esmeraldas, las autoridades encontraron en una casa que funcionaba como centro de acopio de droga 322 kilos de cocaína y equipos de buceo, los cuales sería utilizados para contaminar los barcos.",,,,"https://www.swissinfo.ch/spa/ecuador-incauta-322-kilos-de-coca%C3%ADna-y-equipos-de-buceo-utilizados-para-contaminar-buques/89337834#:~:text=%2D%20La%20Polic%C3%ADa%20de%20Ecuador%20incaut%C3%B3,s%C3%A1bado%20el%20Ministerio%20del%20Interior.",Archived Link - Ecuador,,4ed213b2-6e84-415b-b7d9-cffb6077dad1,322.0,1.0
Seizure,Individual,2025-06-04,,2025,6,4,,Cocaine,400.0,Kilogram,Land,,South America,Brazil,Macapa,abacate da pedreira,,,,,,,,,,,,,,,,,,"Civil and Federal Police seized around 400 kilos of cocaine on wednesday 4th in the Abacate da Pedreira district, in the rural area of ​​Macapá.",,,,https://g1.globo.com/ap/amapa/noticia/2025/06/04/policias-civil-e-federal-realizam-a-maior-apreensao-de-drogas-do-amapa.ghtml,Archived Link - Brazil,,0e8f10cd-914a-419f-b787-d956b4d08511,400.0,1.0
Seizure,Individual,2025-06-05,,2025,6,5,,Cocaine,400.0,Kilogram,Land,,South America,Brazil,Sao Paulo,São José do Rio Preto,,,,,,,,,,,,,,,,,,"the São Paulo State Highway Police (Polícia Rodoviária Estadual) seized over 400 kilograms of cocaine concealed in a false bottom of a semi-trailer during a routine inspection on the Washington Luís Highway (SP-310) in São José do Rio Preto, São Paulo, Brazil.",,,,https://g1.globo.com/sp/sao-jose-do-rio-preto-aracatuba/noticia/2025/06/05/policia-rodoviaria-apreende-mais-de-400-quilos-de-cocaina-escondidos-em-fundo-falso-de-carreta-em-rio-preto.ghtml ,Archived Link - Brazil,,e88496da-0413-47d3-a506-32f9ae7d920a,400.0,1.0
Seizure,Individual,2025-08-28,,2025,8,28,,Cocaine,509.0,Kilogram,Container,"Oculta en sacos de arroz, poroto y maíz, envuelta en papel carbónico y grasa técnica",South America,Paraguay,Central,Villeta,,,,South America,Paraguay,Central,Villeta,,,,,Europe,Netherlands,,,,,"DNIT y Policía Nacional incautaron 509 kg de cocaína ocultos en contenedor con granos en el puerto de Villeta, con destino declarado a Países Bajos.",,,,https://www.hoy.com.py/nacionales/2025/08/28/incautan-cargamento-de-cocaina-oculta-en-puerto-de-villeta,Archived Link - Paraguay,,b7b40bff-64e4-45a4-a92e-e6ddf143f9a5,509.0,1.0
Seizure,Individual,2025-08-29,,2025,8,29,,Cocaine,509.0,Kilogram,Container,Hidden in export cargo bags with grease masking,South America,Paraguay,Central Department,Villeta,,,,South America,Paraguay,Central Department,Villeta,,,,,Europe,Netherlands,,,,,"Durante una conferencia de prensa este viernes, autoridades de la Dirección Nacional de Ingresos Tributarios (DNIT), la Policía Nacional y de la Secretaría Nacional Antidrogas (Senad) dieron detalles respecto a la incautación de cocina oculta en un cargamento de 24 toneladas de maíz, arroz y poroto. El peso total de la cocaína hallada mimetizada en la mencionada carga asciende a 509 kilogramos. La misma tenía como destino final los Países Bajos, donde su valor podría haber alcanzado los USD 50.000 por kilo, según informaron las autoridades.",,,,https://www.lanacion.com.py/pais/2025/08/29/incautacion-de-droga-en-villeta-se-dio-gracias-a-un-trabajo-conjunto-de-seguridad/,Archived Link - Paraguay,,d0a1dbfd-07e6-4c45-81a8-f9c14afa4ae4,509.0,1.0
Seizure,Individual,2025-09-30,,2025,9,30,,Cocaine,594.0,Kilogram,Land,Hidden in oil drums with double bottoms inside Toyota Hilux,South America,Argentina,Santiago del Estero,Malbrán (Ruta 34),,,,,,,,,,,,,,,,,,Police seized 594 kg cocaine hidden in oil drums in truck at Ruta 34 checkpoint.,,,,https://www.eltribuno.com/policiales/2025-9-30-0-0-0-dos-saltenos-fueron-detenidos-en-la-ruta-34-con-600-kilos-de-cocaina-valuada-en-4-millones-de-dolares,Archived Link - Argentina,,a90a2703-0f1f-4958-a43a-986802fcd527,594.0,1.0
Seizure,Individual,2025-09-30,,2025,9,30,,Cocaine,594.0,Kilogram,Land,Hidden in oil drums with double bottoms inside Toyota Hilux,South America,Argentina,Santiago del Estero,Malbrán (Ruta 34),,,,,,,,,,,,,,,,,,Police seized 594 kg cocaine hidden in oil drums in truck at Ruta 34 checkpoint.,,,,https://www.eltribuno.com/policiales/2025-9-30-0-0-0-dos-saltenos-fueron-detenidos-en-la-ruta-34-con-600-kilos-de-cocaina-valuada-en-4-millones-de-dolares,Archived Link - Argentina,,75ca3eb3-bc4d-434e-a750-6863d2a7b808,594.0,1.0
Seizure,Month,2025-09-28,,2025,9,28,,Cocaine,800.0,Kilogram,Land,Multiple seizures totaling 800 kg,Caribbean,Dominican Republic,,,,,,,,,,,,,,,,,,,,Authorities seized more than 800 kg of mixed drugs in Dominican Republic.,,,,https://acento.com.do/actualidad/autoridades-incautan-mas-de-800-mil-gramos-de-distintas-drogas-9556717.html,Archived Link - Dominican Republic,,020f20ca-9875-4375-93f4-187f08815c2e,800.0,1.0
Seizure,Month,2025-09-28,,2025,9,28,,Cocaine,800.0,Kilogram,Land,Multiple seizures totaling 800 kg,Caribbean,Dominican Republic,,,,,,,,,,,,,,,,,,,,Authorities seized more than 800 kg of mixed drugs in Dominican Republic.,,,,https://acento.com.do/actualidad/autoridades-incautan-mas-de-800-mil-gramos-de-distintas-drogas-9556717.html,Archived Link - Dominican Republic,,faea3232-b272-41b0-bec8-86560207e4a7,800.0,1.0
Seizure,Other (explain in Description),2025-09-30,,2025,9,30,,Cocaine,1000.0,Package,Container,Container,Central America,Panama,"Colón, Panamá",,,,,,,,,,,,,,,,,,,"Panama prosecutors seized over 1,000 packages of cocaine in two separate container operations.",,,,https://ministeriopublico.gob.pa/notas-de-prensa/fiscalia-de-droga-decomisa-mas-de-mil-paquetes-de-droga-en-dos-operaciones-distintas/,Archived Link - Panama,,8dd741c5-fc4f-4f1d-a868-97c1fe188de7,1000.0,1.0
Seizure,Other (explain in Description),2025-09-30,,2025,9,30,,Cocaine,1000.0,Package,Container,Container,Central America,Panama,"Colón, Panamá",,,,,,,,,,,,,,,,,,,"Panama prosecutors seized over 1,000 packages of cocaine in two separate container operations.",,,,https://ministeriopublico.gob.pa/notas-de-prensa/fiscalia-de-droga-decomisa-mas-de-mil-paquetes-de-droga-en-dos-operaciones-distintas/,Archived Link - Panama,,1b839f63-ec8a-4ad0-ac76-3f1a199a5090,1000.0,1.0
Seizure,Individual,2025-07-13,,2025,7,13,,Cocaine,1045.0,Kilogram,Maritime,,Caribbean,Haiti,Nord-Ouest,Tortue Island,,,,,,,,,,,,,,,,,,"Haitian National Police seized 1,045 kilos of cocaine on Tortue Island, in the North-West department, confiscated a boat, arrested an individual, and killed several others an exchange of gunfire",,,,https://www.alterpresse.org/spip.php?article31942,Archived Link - Haiti,,13420f3d-bd29-42a0-9136-ac31d153c9f2,1045.0,1.0
Seizure,Individual,2025-07-13,,2025,7,13,,Cocaine,1045.0,Kilogram,Maritime,,Caribbean,Haiti,Nord-Ouest,Turtle Island,,,,,,,,,,,,,,,,,,"Two Jamaicans and a Bahamian were killed in Haiti in a shootout with police during an anti-drug operation in which 1,045 kilos of cocaine were seized",,,,https://lenouvelliste.com/article/258040/la-pnh-intercepte-1-045-kg-de-cocaine-au-large-du-nord-ouest,Archived Link - Haiti,,ed3deef7-6c83-4925-9909-e7aa5945a73f,1045.0,1.0
Seizure,Individual,2025-09-30,,2025,9,30,,Cocaine,1073.0,Kilogram,Container,Containers in port; SENAN operation,Central America,Panama,Panamá,Panama Pacific terminal,,,,South America,Ecuador,,,,,,,,,,,,,Over 1 ton of cocaine seized in containers; one shipment from Ecuador.,,,,http://www.critica.com.pa/nacional/decomisan-mas-de-una-tonelada-de-pichi-en-contenedores-498138,Archived Link - Panama,,a84d291a-05a7-466c-9e2e-1e86679e402c,1073.0,1.0
Seizure,Individual,2025-09-30,,2025,9,30,,Cocaine,1073.0,Kilogram,Container,Containers in port; SENAN operation,Central America,Panama,Panamá,Panama Pacific terminal,,,,South America,Ecuador,,,,,,,,,,,,,Over 1 ton of cocaine seized in containers; one shipment from Ecuador.,,,,http://www.critica.com.pa/nacional/decomisan-mas-de-una-tonelada-de-pichi-en-contenedores-498138,Archived Link - Panama,,cd604e19-eab8-4f5f-9c26-bee8fa150714,1073.0,1.0
Seizure,Individual,2025-10-02,,2025,10,2,,Cocaine,1200.0,Kilogram,Land,Seized in transport operation,South America,Brazil,Rio Grande do Norte,Natal,,,,,,,,,,,,,,,,,,PF seized 1.2 tonnes of cocaine in Natal.,,,,https://g1.globo.com/rn/rio-grande-do-norte/noticia/2025/10/02/apreensao-pf-rn.ghtml ,,,6d8a4193-6fc2-4747-b483-650ee1f4b908,1200.0,1.0
Seizure,Individual,2025-10-02,,2025,10,2,,Cocaine,1200.0,Kilogram,Land,Follow-up investigation targeting ex-police officer,South America,Brazil,Rio Grande do Norte,Natal,,,,,,,,,,,,,,,,,,Ex-police officer investigated after seizure of 1.2 tonnes of cocaine in Natal.,,,,https://g1.globo.com/rn/rio-grande-do-norte/noticia/2025/10/02/policial-reformado-e-alvo-de-buscas-apos-apreensao-de-12-tonelada-de-cocaina-em-natal.ghtml ,,,a2322440-5491-4ad8-87cb-fa2dc2882cbb,1200.0,1.0
Seizure,Individual,2025-09-28,,2025,9,28,,Other (explain in Description),1200.0,Kilogram,Container,Cocaine mixed into 1.2 ton molasses shipment,South America,Netherlands,,,,,,,,,,,,,,,,,,,,Netherlands seized cocaine hidden in molasses from Ecuador; linked to Los Shottas.,Los Shottas,,,https://www.elcolombiano.com/colombia/shottas-exportan-cocaina-decomiso-paises-bajos-melaza-paz-total-BJ29577789,Archived Link - Netherlands,,63e397ab-f670-472e-8645-d2dcca241305,1200.0,1.0
Seizure,Individual,2025-09-28,,2025,9,28,,Other (explain in Description),1200.0,Kilogram,Container,Cocaine mixed into 1.2 ton molasses shipment,South America,Netherlands,,,,,,,,,,,,,,,,,,,,Netherlands seized cocaine hidden in molasses from Ecuador; linked to Los Shottas.,Los Shottas,,,https://www.elcolombiano.com/colombia/shottas-exportan-cocaina-decomiso-paises-bajos-melaza-paz-total-BJ29577789,Archived Link - Netherlands,,31528f74-b144-4901-89e2-a7a98bbddff1,1200.0,1.0
Seizure,Individual,2025-05-29,,2025,5,29,,Cocaine,1200.0,Kilogram,Land,,South America,Peru,Mariscal Ramón Castilla,,,,,,,,,,,,,,United States,,,,,"Peruvian police seized 1.2 tons of cocaine in the province of Mariscal Ramón Castilla, Peru, a town near the border with Putumayo.",,,,https://www.eltiempo.com/justicia/conflicto-y-narcotrafico/las-conexiones-de-la-incautacion-de-mas-de-tonelada-de-cocaina-en-peru-con-los-grupos-armados-en-colombia-3458598,Archived Link - Peru,,2bf12c90-7ade-421b-8762-fc4e23eda3c2,1200.0,1.0
Seizure,Individual,2025-05-29,,2025,5,29,,Cocaine,1200.0,Kilogram,Land,,South America,Peru,Loreto,Mariscal Ramón Castilla,,,,,,,,,,,,,United States,,,,,"incautación de 1.2 toneladas de cocaína en la Provincia de Mariscal Ramón Castilla (Perú), una población cercana a la frontera con Putumayo.",estructura criminal de alias Freider,,,https://www.eltiempo.com/justicia/conflicto-y-narcotrafico/las-conexiones-de-la-incautacion-de-mas-de-tonelada-de-cocaina-en-peru-con-los-grupos-armados-en-colombia-3458598,Archived Link - Peru,,3060dcb9-a58a-4ff4-8f8c-8b1d841c0d82,1200.0,1.0
Seizure,Individual,2025-05-31,,2025,5,31,,Cocaine,1268.0,Package,Container,,Central America,Panama,Colon,Colon Port,,,,Central America,Panama,,,,,,,Europe,Spain,,,,,"1,268 packages were found in container at colon port headed to Spain",,,,https://www.barrons.com/news/spanish/panama-decomisa-mas-de-8-000-paquetes-de-droga-con-destino-a-europa-b710992a,Archived Link - Panama,,bbbd7f75-cc57-41c3-bb8c-1703e6cf2548,1268.0,1.0
Seizure,Individual,2025-05-31,,2025,5,31,,Cocaine,1268.0,Package,Container,,Central America,Panama,Colon,Colon,,,,Central America,Panama,,,,,,,Europe,Spain,,,,,"Se encontraron 1.268 paquetes en un contenedor en la terminal portuaria de Colón, enviados de Panamá hacia España",,,,https://www.panamaamerica.com.pa/provincias/incautan-mas-de-7-mil-paquetes-de-drogas-en-una-terminal-portuaria-de-colon-1249637,Archived Link - Panama,,554d5350-bbb3-4681-aa03-3f6d906d948b,1268.0,1.0
Seizure,Individual,2025-08-10,,2025,8,10,,Cocaine,1345.0,Kilogram,Land,Camión interceptado → cocaína oculta dentro de cajas de madera,Europe,France,Gironde,Cestas (near Bordeaux),,,,Europe,Spain,,,,,,,Europe,France,,,,,"Camión procedente de España interceptado en A63, Bordeaux → 1,345 t de cocaína oculta en cajas de madera. ",,,,https://www.lefigaro.fr/bordeaux/1-3-tonne-de-cocaine-saisie-dans-un-camion-pres-de-bordeaux-pour-une-valeur-estimee-entre-30-et-40-millions-d-euros-20250814,Archived Link - France,,4f97d71a-50bb-4b9d-a57b-088ef972ecc8,1345.0,1.0
Seizure,Individual,2025-08-10,,2025,8,10,,Cocaine,1345.0,Kilogram,Land,Hidden in wooden crates inside truck,Europe,France,Nouvelle‑Aquitaine (Gironde),Cestas,,,,Europe,Spain,,,Europe,France,Nouvelle‑Aquitaine (Gironde),Cestas,,,,,,,"Gendarmerie intercepted a Spain‑origin truck with 1,345 kg of cocaine concealed in wooden crates on the A63 near Bordeaux.",,,,https://lessor.org/operationnel/gironde-1-3-tonne-de-cocaine-saisie-dans-un-camion-venant-d-espagne/,Archived Link - France,,ee039f66-d9e6-49fd-8194-f3edb7265f2c,1345.0,1.0
Seizure,Individual,2025-05-29,,2025,5,29,,Cocaine,1500.0,Kilogram,Maritime,,North America,Mexico,Jalisco,,,,,,,,,,,,,,,,,,,Mexican security forces seized 1.5 tons of cocaine in a maritime operation in Pacific waters off the coast of Jalisco,,,,https://www.eleconomista.com.mx/politica/marina-anuncia-nuevo-golpe-narco-mar-aseguran-1-5-toneladas-cocaina-jalisco-20250529-761308.html,Archived Link - Mexico,,572b4492-f550-4f80-89a7-7ab2d5d997cc,1500.0,1.0
Seizure,Individual,2025-05-29,,2025,5,29,,Cocaine,1500.0,Kilogram,Maritime,,North America,Mexico,Jalisco,,,,,,,,,,,,,,,,,,,"29 de mayo de 2025, la Marina mexicana incautó 1,5 toneladas de cocaína en aguas del Pacífico, frente a la costa del estado de Jalisco. El cargamento consistía en 38 fardos con 1.500 paquetes de cocaína, con un valor estimado de casi 19 millones de dólares.",,,,https://noticias.uol.com.br/ultimas-noticias/afp/2025/05/29/marinha-apreende-15-tonelada-de-cocaina-na-costa-do-pacifico-mexicano.htm,Archived Link - Mexico,,dcf98718-836d-4802-be26-41a6c5e2d695,1500.0,1.0
Other (explain in Description),Other (explain in Description),2025-09-29,,2025,9,29,,Cocaine,1515.0,Kilogram,Container,,Europe,Russia,,St Petersburg,,,,Europe,Russia,,,,,,,,,,,,,Russia announced record cocaine seizure traced to Ecuador–Russia route.,,,,https://planv.com.ec/historias/crimen-organizado/incautacion-record-de-cocaina-en-rusia-destaca-nueva-ruta-de-trafico-desde-ecuador/,Archived Link - Russia,,fc987d57-a825-4ecb-ab26-4eacfcd5b8ee,1515.0,1.0
Other (explain in Description),Other (explain in Description),2025-09-29,,2025,9,29,,Cocaine,1515.0,Kilogram,Container,,Europe,Russia,,St Petersburg,,,,Europe,Russia,,,,,,,,,,,,,Russia announced record cocaine seizure traced to Ecuador–Russia route.,,,,https://planv.com.ec/historias/crimen-organizado/incautacion-record-de-cocaina-en-rusia-destaca-nueva-ruta-de-trafico-desde-ecuador/,Archived Link - Russia,,3403540d-26d2-4528-bf7a-bbdc72998d94,1515.0,1.0
Seizure,Individual,2025-08-28,,2025,8,28,,Cocaine,2361.0,Kilogram,Land,"Oculta en compartimentos secretos en dos camiones cisterna inspeccionados en el control sur de Tulcán, provincia Carchi, frontera con Colombia.",South America,Ecuador,Carchi,Tulcan,,,,South America,Ecuador,Carchi,Tulcan,,,,,,,,,,,"2,361 kg de cocaína decomisados el 28 de agosto de 2025 en control vial en la frontera con Colombia, en Tulcán; dos ciudadanos colombianos detenidos.",,,,https://efe.com/mundo/2025-08-29/ecuador-cocaina-decomiso-colombianos/,Archived Link - Ecuador,,ff8f9974-68ca-4fff-b75e-921ea0dbbea1,2361.0,1.0
Seizure,Individual,2025-08-28,,2025,8,28,,Cocaine,2361.0,Kilogram,Land,Hidden in structural compartments of tanker trailers,South America,Ecuador,Carchi,Tulcán,Colombia,Rumichaca border area,,South America,Colombia,,,South America,Ecuador,,,,,,,,,"La Policía Nacional del Ecuador ejecutó un contundente operativo antidrogas en la provincia de Carchi el jueves 28 de agosto del 2025, logrando el decomiso de 2 toneladas con 361 kilos de cocaína que eran transportadas en dos vehículos de carga pesada. El operativo, denominado “Centinela 17-18”, se desarrolló en la vía que conecta Tulcán con el interior del país, como parte de los controles estratégicos en zonas fronterizas.",,,,https://www.expreso.ec/actualidad/operativo-centinela-17-18-policia-decomisa-2-toneladas-de-cocaina-en-tulcan-carchi-255118.html,Archived Link - Ecuador,,db7c0d40-3c72-44cb-ae1d-0148153a619c,2361.0,1.0
Seizure,Individual,2025-08-13,,2025,8,13,,Cocaine,3000.0,Kilogram,Maritime,,Europe,Spain,Canary Islands,,,,,Africa,Cameroon,,Port of Dakhla,Africa,Morocco,Dakhla-Oued Ed-Dahab,Dakhla,Europe,Spain,Canary Islands,,,,"3 tons of cocaine seized from Cameroon-flagged tugboat during joint operation near Canary Islands; vessel acted as mother ship on Atlantic Route from South America/Caribbean to Europe, using Dakhla as staging point.",,,,https://www.moroccoworldnews.com/2025/08/237555/morocco-contributes-to-international-operation-seizes-3-tons-of-cocaine-off-canary-islands/,Archived Link - Spain,,c36fd51b-816f-44b4-8e2d-d49f8feff58b,3000.0,1.0
Seizure,Individual,2025-08-13,,2025,8,13,,Cocaine,3000.0,Kilogram,Maritime,Boarding of Cameroonian-flagged tugboat “Sky White” in international waters west of Canary Islands,Europe,Spain,,Islas Canarias,,,,Europe,Spain,,Islas Canarias,,,,,,,,,,,"Tugboat “Sky White” intercepted at sea with ~3,000 kg of cocaine in its structure; vessel escorted to Tenerife for unloading",,,,https://www.newsghana.com.gh/canary-islands-with-moroccan-support-spain-seizes-3-tons-of-cocaine-from-sky-white-tugboat/,Archived Link - Spain,,dc8ba9af-4075-4224-b68a-1dda7f5bbc0d,3000.0,1.0
Seizure,Individual,2025-06-27,,2025,6,27,,Cocaine,3500.0,Kilogram,Maritime,,North America,Mexico,Guerrero,,,,,,,,,,,,,,,,,,,"The Mexican Navy arrested three foreigners and seized a semi-submersible with more than 3.5 tons of cocaine off the coast of the western state of Guerrero,",,,,https://www.prensa-latina.cu/2025/06/27/mexico-incauta-semisumergible-con-mas-de-35-toneladas-de-cocaina/,Archived Link - Mexico,,99cb67d9-bda8-4c46-95b6-89c05d2e0204,3500.0,1.0
Seizure,Individual,2025-06-28,,2025,6,28,,Cocaine,3500.0,Kilogram,Maritime,Semi-submersible,North America,Mexico,Guerrero,,,,,,,,,,,,,,,,,,,"Efectivos navales aseguraron en costas de Guerrero un semisumergible en el que se transportaban 3.5 toneladas de cocaína, con lo que autoridades federales estiman que se ocasionó una afectación de 846 millones 552 mil pesos y se evitó que 7 millones 200 mil dosis llegaran a la sociedad.",,,,https://www.jornada.com.mx/noticia/2025/06/28/politica/decomisan-sumergible-con-35-toneladas-de-cocaina,Archived Link - Mexico,,13bb058c-b171-48e1-bdb8-5c4dc3aa624d,3500.0,1.0
Seizure,Individual,2025-09-30,,2025,9,30,,Cocaine,3650.0,Kilogram,Maritime,Fishing vessel; crew pretended to be pilgrims,Europe,Spain,Galicia,A Coruña,,,,,,,,,,,,,,,,,,"Spanish authorities seized 3,650 kg of cocaine off A Coruña; crew simulated pilgrims.",,,,https://efe.com/galicia/los-tripulantes-detenidos-en-a-coruna-con-3-650-kilos-de-cocaina-simularon-ser-peregrinos/,Archived Link - Spain,,99e64563-4c73-4360-b12d-69141fef7554,3650.0,1.0
Seizure,Individual,2025-09-30,,2025,9,30,,Cocaine,3650.0,Kilogram,Maritime,Fishing vessel; crew pretended to be pilgrims,Europe,Spain,Galicia,A Coruña,,,,,,,,,,,,,,,,,,"Spanish authorities seized 3,650 kg of cocaine off A Coruña; crew simulated pilgrims.",,,,https://efe.com/galicia/los-tripulantes-detenidos-en-a-coruna-con-3-650-kilos-de-cocaina-simularon-ser-peregrinos/,Archived Link - Spain,,c7730b37-a692-433d-b971-d52edb0341b4,3650.0,1.0
Seizure,Other (explain in Description),2025-06-02,2025-06-10,2025,6,2,8,Cocaine,6300.0,Kilogram,Maritime,,Central America,El Salvador,,,,,,Central America,El Salvador,,,,,,,,,,,,,"En 8 días, el gobierno salvadoreño ha decomisado 6,3 toneladas de cocaína en aguas del pacífico y ha detenido a 17 personas. Los operativos se han dado en casos en que la droga es movilizada en embarcaciones. Se han detenido 5 de estos vehículos.",,,,https://www.laprensagrafica.com/elsalvador/Marina-de-El-Salvador-incauta-6.3-toneladas-de-cocaina-en-aguas-del-Pacifico-20250620-0092.html,Archived Link - El Salvador,,9d4c0b89-236c-4823-a86a-7844af951f49,6300.0,1.0
Seizure,Month,2025-06-02,2025-06-10,2025,6,2,8,Cocaine,6300.0,Kilogram,Maritime,,Central America,El Salvador,,,,,,,,,,,,,,,,,,,,"The National Navy intercepted five vessels carrying 6.3 tons of cocaine nearly 1,000 nautical miles (1,852 km) off the Salvadoran coast. Resulted in the capture of 17 drug traffickers of Ecuadorian, Colombian, Mexican, and Guatemalan nationality",,,,https://diario.elmundo.sv/nacionales/marina-incauta-63-toneladas-de-cocaina-valorada-en-1574-millones,Archived Link - El Salvador,,15fe8787-a881-460c-bf42-5c555dda5b12,6300.0,1.0
Crop Eradication,Multi-Month,2025-09-25,,2025,9,25,,Cocaine,707904.0,Kilogram,Land,National eradication campaign,South America,Colombia,,,,,,,,,,,,,,,,,,,,"MinDefensa reports destruction of 4,813 cocaine labs in 2025 up to September.",,,,https://www.eltiempo.com/justicia/conflicto-y-narcotrafico/mindefensa-reporta-un-aumento-del-5-en-la-incautacion-de-cocaina-y-la-destruccion-de-4-813-laboratorios-en-lo-que-va-de-2025-3495554,Archived Link - Colombia,,d449aaa4-bdec-499d-8cd8-869953214826,707904.0,1.0
Crop Eradication,Multi-Month,2025-09-25,,2025,9,25,,Cocaine,707904.0,Kilogram,Land,National eradication campaign,South America,Colombia,,,,,,,,,,,,,,,,,,,,"MinDefensa reports destruction of 4,813 cocaine labs in 2025 up to September.",,,,https://www.eltiempo.com/justicia/conflicto-y-narcotrafico/mindefensa-reporta-un-aumento-del-5-en-la-incautacion-de-cocaina-y-la-destruccion-de-4-813-laboratorios-en-lo-que-va-de-2025-3495554,Archived Link - Colombia,,b05fdc48-ead8-45f4-87ef-d78ceecc0797,707904.0,1.0
